component,ops,dev_ns,idle_ns,host_ns,clock_domain,detail,floor_dev_ns
moe-down,5152,1712748100,0,1712748100,host,class,80
head,92,1613563900,0,1613563900,host,class,80
moe-gate,5152,1509278000,0,1509278000,host,class,80
moe-up,5152,1492047100,0,1492047100,host,class,80
qkv,2576,1166915200,0,1166915200,host,class,80
moe-act,5152,684358200,0,684358200,host,class,80
attn-o,2576,530110200,0,530110200,host,class,80
attention,2576,433433200,0,433433200,host,class,80
moe,2576,14340600,0,14340600,host,class,80
moe-router,2576,11218500,0,11218500,host,class,80
norm,2576,4862400,0,4862400,host,class,80
prefill,1,4650900,20282600,4650900,host,class,80
norm-ffn,2576,4085100,0,4085100,host,class,80
decode,1,2543300,4100,2543300,host,class,80
moe-scatter,5152,2502800,0,2502800,host,class,80
moe-gather,5152,2287100,0,2287100,host,class,80
residual,2576,773200,0,773200,host,class,80
embed,92,114300,0,114300,host,class,80
